objectid,filename,title,creator,date,description,subjects,location,source,format,type,identifier,language,rights,rightsstatement
mi1.pdf,mi1.pdf,AAA Magazine January - February 2009,Carolina Raptor Center,2009,Article about CRC.,raptors; wildlife; conservation,"Huntersville, NC; USA.",Carolina Raptor Center archives. carolinaraptorcenter.org.,application/pdf,Image;StillImage,mi1,eng,"This Item is protected by copyright and/or related rights. You are free to use this Item in any way that is permitted by the copyright and related rights legislation that applies to your use. In addition, no permission is required from the rights-holder(s) for educational uses. For other uses, you need to obtain permission from the rights-holder(s).",https://rightsstatements.org/page/InC-EDU/1.0/?language=en
mi2.pdf,mi2.pdf,"Anchorage Times June 29, 1991",Carolina Raptor Center,1991,Article about Eagle.,raptors; wildlife; conservation,"Huntersville, NC; USA.",Carolina Raptor Center archives. carolinaraptorcenter.org.,application/pdf,Image;StillImage,mi2,eng,"This Item is protected by copyright and/or related rights. You are free to use this Item in any way that is permitted by the copyright and related rights legislation that applies to your use. In addition, no permission is required from the rights-holder(s) for educational uses. For other uses, you need to obtain permission from the rights-holder(s).",https://rightsstatements.org/page/InC-EDU/1.0/?language=en
mi3.pdf,mi3.pdf,Arts and Science Council March 2012,Carolina Raptor Center,2012,Article about CRC.,raptors; wildlife; conservation,"Huntersville, NC; USA.",Carolina Raptor Center archives. carolinaraptorcenter.org.,application/pdf,Image;StillImage,mi3,eng,"This Item is protected by copyright and/or related rights. You are free to use this Item in any way that is permitted by the copyright and related rights legislation that applies to your use. In addition, no permission is required from the rights-holder(s) for educational uses. For other uses, you need to obtain permission from the rights-holder(s).",https://rightsstatements.org/page/InC-EDU/1.0/?language=en
mi4.pdf,mi4.pdf,"Ashville Citizen-Times August 29, 1993",Carolina Raptor Center,1993,Articles about CRC.,raptors; wildlife; conservation,"Huntersville, NC; USA.",Carolina Raptor Center archives. carolinaraptorcenter.org.,application/pdf,Image;StillImage,mi4,eng,"This Item is protected by copyright and/or related rights. You are free to use this Item in any way that is permitted by the copyright and related rights legislation that applies to your use. In addition, no permission is required from the rights-holder(s) for educational uses. For other uses, you need to obtain permission from the rights-holder(s).",https://rightsstatements.org/page/InC-EDU/1.0/?language=en
mi5.pdf,mi5.pdf,"Banner News August 14, 2008",Carolina Raptor Center,2008,Article about CRC outreach.,raptors; wildlife; conservation,"Huntersville, NC; USA.",Carolina Raptor Center archives. carolinaraptorcenter.org.,application/pdf,Image;StillImage,mi5,eng,"This Item is protected by copyright and/or related rights. You are free to use this Item in any way that is permitted by the copyright and related rights legislation that applies to your use. In addition, no permission is required from the rights-holder(s) for educational uses. For other uses, you need to obtain permission from the rights-holder(s).",https://rightsstatements.org/page/InC-EDU/1.0/?language=en
mi6.pdf,mi6.pdf,Bird Talk April 1992,Carolina Raptor Center,1992,Article about CRC.,raptors; wildlife; conservation,"Huntersville, NC; USA.",Carolina Raptor Center archives. carolinaraptorcenter.org.,application/pdf,Image;StillImage,mi6,eng,"This Item is protected by copyright and/or related rights. You are free to use this Item in any way that is permitted by the copyright and related rights legislation that applies to your use. In addition, no permission is required from the rights-holder(s) for educational uses. For other uses, you need to obtain permission from the rights-holder(s).",https://rightsstatements.org/page/InC-EDU/1.0/?language=en
mi7.pdf,mi7.pdf,"Burlington Times-News April 11, 2002",Carolina Raptor Center,2002,Article about CRC programs.,raptors; wildlife; conservation,"Huntersville, NC; USA.",Carolina Raptor Center archives. carolinaraptorcenter.org.,application/pdf,Image;StillImage,mi7,eng,"This Item is protected by copyright and/or related rights. You are free to use this Item in any way that is permitted by the copyright and related rights legislation that applies to your use. In addition, no permission is required from the rights-holder(s) for educational uses. For other uses, you need to obtain permission from the rights-holder(s).",https://rightsstatements.org/page/InC-EDU/1.0/?language=en
mi8.pdf,mi8.pdf,Carolina Country August 1992,Carolina Raptor Center,1992,Article about Adopt-a-Bird program.,raptors; wildlife; conservation,"Huntersville, NC; USA.",Carolina Raptor Center archives. carolinaraptorcenter.org.,application/pdf,Image;StillImage,mi8,eng,"This Item is protected by copyright and/or related rights. You are free to use this Item in any way that is permitted by the copyright and related rights legislation that applies to your use. In addition, no permission is required from the rights-holder(s) for educational uses. For other uses, you need to obtain permission from the rights-holder(s).",https://rightsstatements.org/page/InC-EDU/1.0/?language=en
mi9.pdf,mi9.pdf,Carolina Preserves August 2000,Carolina Raptor Center,2000,Article about CRC.,raptors; wildlife; conservation,"Huntersville, NC; USA.",Carolina Raptor Center archives. carolinaraptorcenter.org.,application/pdf,Image;StillImage,mi9,eng,"This Item is protected by copyright and/or related rights. You are free to use this Item in any way that is permitted by the copyright and related rights legislation that applies to your use. In addition, no permission is required from the rights-holder(s) for educational uses. For other uses, you need to obtain permission from the rights-holder(s).",https://rightsstatements.org/page/InC-EDU/1.0/?language=en
mi10.pdf,mi10.pf,"Concord Tribune August 23, 1992",Carolina Raptor Center,1992,Article about CRC volunteers.,raptors; wildlife; conservation,"Huntersville, NC; USA.",Carolina Raptor Center archives. carolinaraptorcenter.org.,application/pdf,Image;StillImage,mi10,eng,"This Item is protected by copyright and/or related rights. You are free to use this Item in any way that is permitted by the copyright and related rights legislation that applies to your use. In addition, no permission is required from the rights-holder(s) for educational uses. For other uses, you need to obtain permission from the rights-holder(s).",https://rightsstatements.org/page/InC-EDU/1.0/?language=en
mi11.pdf,mi11.pdf,Connections Winter 2010,Carolina Raptor Center,2010,Article about Eagle naming at CRC.,raptors; wildlife; conservation,"Huntersville, NC; USA.",Carolina Raptor Center archives. carolinaraptorcenter.org.,application/pdf,Image;StillImage,mi11,eng,"This Item is protected by copyright and/or related rights. You are free to use this Item in any way that is permitted by the copyright and related rights legislation that applies to your use. In addition, no permission is required from the rights-holder(s) for educational uses. For other uses, you need to obtain permission from the rights-holder(s).",https://rightsstatements.org/page/InC-EDU/1.0/?language=en
mi12.pdf,mi12.pdf,Cornelius Life November 2013,Carolina Raptor Center,2013,Article about CRC.,raptors; wildlife; conservation,"Huntersville, NC; USA.",Carolina Raptor Center archives. carolinaraptorcenter.org.,application/pdf,Image;StillImage,mi12,eng,"This Item is protected by copyright and/or related rights. You are free to use this Item in any way that is permitted by the copyright and related rights legislation that applies to your use. In addition, no permission is required from the rights-holder(s) for educational uses. For other uses, you need to obtain permission from the rights-holder(s).",https://rightsstatements.org/page/InC-EDU/1.0/?language=en
mi13.pdf,mi13.pdf,Crescent Conductor August 1992,Carolina Raptor Center,1992,Article about CRC.,raptors; wildlife; conservation,"Huntersville, NC; USA.",Carolina Raptor Center archives. carolinaraptorcenter.org.,application/pdf,Image;StillImage,mi13,eng,"This Item is protected by copyright and/or related rights. You are free to use this Item in any way that is permitted by the copyright and related rights legislation that applies to your use. In addition, no permission is required from the rights-holder(s) for educational uses. For other uses, you need to obtain permission from the rights-holder(s).",https://rightsstatements.org/page/InC-EDU/1.0/?language=en
mi14.pdf,mi14.pdf,"Davidson Gazette September 13, 2001",Carolina Raptor Center,2001,Article about CRC.,raptors; wildlife; conservation,"Huntersville, NC; USA.",Carolina Raptor Center archives. carolinaraptorcenter.org.,application/pdf,Image;StillImage,mi14,eng,"This Item is protected by copyright and/or related rights. You are free to use this Item in any way that is permitted by the copyright and related rights legislation that applies to your use. In addition, no permission is required from the rights-holder(s) for educational uses. For other uses, you need to obtain permission from the rights-holder(s).",https://rightsstatements.org/page/InC-EDU/1.0/?language=en
mi15.pdf,mi15.pdf,Duke Osprey Program Newspaper Article 1987,Carolina Raptor Center,1987,Article about osprey program.,raptors; wildlife; conservation,"Huntersville, NC; USA.",Carolina Raptor Center archives. carolinaraptorcenter.org.,application/pdf,Image;StillImage,mi15,eng,"This Item is protected by copyright and/or related rights. You are free to use this Item in any way that is permitted by the copyright and related rights legislation that applies to your use. In addition, no permission is required from the rights-holder(s) for educational uses. For other uses, you need to obtain permission from the rights-holder(s).",https://rightsstatements.org/page/InC-EDU/1.0/?language=en
mi16.pdf,mi16.pdf,"Fort Mill Times February 24, 1993",Carolina Raptor Center,1993,Article about Hawk.,raptors; wildlife; conservation,"Huntersville, NC; USA.",Carolina Raptor Center archives. carolinaraptorcenter.org.,application/pdf,Image;StillImage,mi16,eng,"This Item is protected by copyright and/or related rights. You are free to use this Item in any way that is permitted by the copyright and related rights legislation that applies to your use. In addition, no permission is required from the rights-holder(s) for educational uses. For other uses, you need to obtain permission from the rights-holder(s).",https://rightsstatements.org/page/InC-EDU/1.0/?language=en
mi17.pdf,mi17.pdf,Greater Charlotte Hospitality News Dec 2008,Carolina Raptor Center,2008,Article about CRC CEO.,raptors; wildlife; conservation,"Huntersville, NC; USA.",Carolina Raptor Center archives. carolinaraptorcenter.org.,application/pdf,Image;StillImage,mi17,eng,"This Item is protected by copyright and/or related rights. You are free to use this Item in any way that is permitted by the copyright and related rights legislation that applies to your use. In addition, no permission is required from the rights-holder(s) for educational uses. For other uses, you need to obtain permission from the rights-holder(s).",https://rightsstatements.org/page/InC-EDU/1.0/?language=en
mi18.pdf,mi18.pdf,"Greensboro News and Record August 25, 1991",Carolina Raptor Center,1991,Article about Eagle.,raptors; wildlife; conservation,"Huntersville, NC; USA.",Carolina Raptor Center archives. carolinaraptorcenter.org.,application/pdf,Image;StillImage,mi18,eng,"This Item is protected by copyright and/or related rights. You are free to use this Item in any way that is permitted by the copyright and related rights legislation that applies to your use. In addition, no permission is required from the rights-holder(s) for educational uses. For other uses, you need to obtain permission from the rights-holder(s).",https://rightsstatements.org/page/InC-EDU/1.0/?language=en
mi19.pdf,mi19.pdf,Independent Tribune May 28 2000,Carolina Raptor Center,2012,Article about CRC.,raptors; wildlife; conservation,"Huntersville, NC; USA.",Carolina Raptor Center archives. carolinaraptorcenter.org.,application/pdf,Image;StillImage,mi19,eng,"This Item is protected by copyright and/or related rights. You are free to use this Item in any way that is permitted by the copyright and related rights legislation that applies to your use. In addition, no permission is required from the rights-holder(s) for educational uses. For other uses, you need to obtain permission from the rights-holder(s).",https://rightsstatements.org/page/InC-EDU/1.0/?language=en
mi20.pdf,mi20.pdf,La Revista Popular July 1998,Carolina Raptor Center,1998,Article about CRC.,raptors; wildlife; conservation,"Huntersville, NC; USA.",Carolina Raptor Center archives. carolinaraptorcenter.org.,application/pdf,Image;StillImage,mi20,eng,"This Item is protected by copyright and/or related rights. You are free to use this Item in any way that is permitted by the copyright and related rights legislation that applies to your use. In addition, no permission is required from the rights-holder(s) for educational uses. For other uses, you need to obtain permission from the rights-holder(s).",https://rightsstatements.org/page/InC-EDU/1.0/?language=en
mi21.pdf,mi21.pdf,"Lejeune Globe May 7, 1992",Carolina Raptor Center,1992,Article about CRC outreach.,raptors; wildlife; conservation,"Huntersville, NC; USA.",Carolina Raptor Center archives. carolinaraptorcenter.org.,application/pdf,Image;StillImage,mi21,eng,"This Item is protected by copyright and/or related rights. You are free to use this Item in any way that is permitted by the copyright and related rights legislation that applies to your use. In addition, no permission is required from the rights-holder(s) for educational uses. For other uses, you need to obtain permission from the rights-holder(s).",https://rightsstatements.org/page/InC-EDU/1.0/?language=en
mi22.pdf,mi22.pdf,"Monroe Enquirer-Journal March 21, 1993",Carolina Raptor Center,1993,Article about CRC.,raptors; wildlife; conservation,"Huntersville, NC; USA.",Carolina Raptor Center archives. carolinaraptorcenter.org.,application/pdf,Image;StillImage,mi22,eng,"This Item is protected by copyright and/or related rights. You are free to use this Item in any way that is permitted by the copyright and related rights legislation that applies to your use. In addition, no permission is required from the rights-holder(s) for educational uses. For other uses, you need to obtain permission from the rights-holder(s).",https://rightsstatements.org/page/InC-EDU/1.0/?language=en
mi23.pdf,mi23.pdf,"Mooresville Tribune July 18, 2008",Carolina Raptor Center,2008,Article about bird release.,raptors; wildlife; conservation,"Huntersville, NC; USA.",Carolina Raptor Center archives. carolinaraptorcenter.org.,application/pdf,Image;StillImage,mi23,eng,"This Item is protected by copyright and/or related rights. You are free to use this Item in any way that is permitted by the copyright and related rights legislation that applies to your use. In addition, no permission is required from the rights-holder(s) for educational uses. For other uses, you need to obtain permission from the rights-holder(s).",https://rightsstatements.org/page/InC-EDU/1.0/?language=en
mi24.pdf,mi24.pdf,"Mount Airy News February 19, 1992",Carolina Raptor Center,1992,Article about CRC outreach.,raptors; wildlife; conservation,"Huntersville, NC; USA.",Carolina Raptor Center archives. carolinaraptorcenter.org.,application/pdf,Image;StillImage,mi24,eng,"This Item is protected by copyright and/or related rights. You are free to use this Item in any way that is permitted by the copyright and related rights legislation that applies to your use. In addition, no permission is required from the rights-holder(s) for educational uses. For other uses, you need to obtain permission from the rights-holder(s).",https://rightsstatements.org/page/InC-EDU/1.0/?language=en
mi25.pdf,mi25.pdf,"Mountain Island Weekly September, 2010",Carolina Raptor Center,2010,Article about fall homeschool day at CRC.,raptors; wildlife; conservation,"Huntersville, NC; USA.",Carolina Raptor Center archives. carolinaraptorcenter.org.,application/pdf,Image;StillImage,mi25,eng,"This Item is protected by copyright and/or related rights. You are free to use this Item in any way that is permitted by the copyright and related rights legislation that applies to your use. In addition, no permission is required from the rights-holder(s) for educational uses. For other uses, you need to obtain permission from the rights-holder(s).",https://rightsstatements.org/page/InC-EDU/1.0/?language=en
mi26.pdf,mi26.pdf,"Myrtle Beach Sun News January 9, 1993",Carolina Raptor Center,1993,Article about CRC outreach.,raptors; wildlife; conservation,"Huntersville, NC; USA.",Carolina Raptor Center archives. carolinaraptorcenter.org.,application/pdf,Image;StillImage,mi26,eng,"This Item is protected by copyright and/or related rights. You are free to use this Item in any way that is permitted by the copyright and related rights legislation that applies to your use. In addition, no permission is required from the rights-holder(s) for educational uses. For other uses, you need to obtain permission from the rights-holder(s).",https://rightsstatements.org/page/InC-EDU/1.0/?language=en
mi27.pdf,mi27.pdf,National Geographic July 1986,Carolina Raptor Center,1986,Article about CRC.,raptors; wildlife; conservation,"Huntersville, NC; USA.",Carolina Raptor Center archives. carolinaraptorcenter.org.,application/pdf,Image;StillImage,mi27,eng,"This Item is protected by copyright and/or related rights. You are free to use this Item in any way that is permitted by the copyright and related rights legislation that applies to your use. In addition, no permission is required from the rights-holder(s) for educational uses. For other uses, you need to obtain permission from the rights-holder(s).",https://rightsstatements.org/page/InC-EDU/1.0/?language=en
mi28.pdf,mi28.pdf,"News & Record April 9, 2001",Carolina Raptor Center,2001,Article about Eagle.,raptors; wildlife; conservation,"Huntersville, NC; USA.",Carolina Raptor Center archives. carolinaraptorcenter.org.,application/pdf,Image;StillImage,mi28,eng,"This Item is protected by copyright and/or related rights. You are free to use this Item in any way that is permitted by the copyright and related rights legislation that applies to your use. In addition, no permission is required from the rights-holder(s) for educational uses. For other uses, you need to obtain permission from the rights-holder(s).",https://rightsstatements.org/page/InC-EDU/1.0/?language=en
mi29.pdf,mi29.pdf,"Raleigh News and Observer May 17, 1992",Carolina Raptor Center,1992,Article about CRC.,raptors; wildlife; conservation,"Huntersville, NC; USA.",Carolina Raptor Center archives. carolinaraptorcenter.org.,application/pdf,Image;StillImage,mi29,eng,"This Item is protected by copyright and/or related rights. You are free to use this Item in any way that is permitted by the copyright and related rights legislation that applies to your use. In addition, no permission is required from the rights-holder(s) for educational uses. For other uses, you need to obtain permission from the rights-holder(s).",https://rightsstatements.org/page/InC-EDU/1.0/?language=en
mi30.pdf,mi30.pdf,"Region March 18, 2000",Carolina Raptor Center,2000,Article about CRC outreach.,raptors; wildlife; conservation,"Huntersville, NC; USA.",Carolina Raptor Center archives. carolinaraptorcenter.org.,application/pdf,Image;StillImage,mi30,eng,"This Item is protected by copyright and/or related rights. You are free to use this Item in any way that is permitted by the copyright and related rights legislation that applies to your use. In addition, no permission is required from the rights-holder(s) for educational uses. For other uses, you need to obtain permission from the rights-holder(s).",https://rightsstatements.org/page/InC-EDU/1.0/?language=en
mi31.pdf,mi31.pdf,Scholastic Parent & Child November 2010,Carolina Raptor Center,2012,Article about CRC.,raptors; wildlife; conservation,"Huntersville, NC; USA.",Carolina Raptor Center archives. carolinaraptorcenter.org.,application/pdf,Image;StillImage,mi31,eng,"This Item is protected by copyright and/or related rights. You are free to use this Item in any way that is permitted by the copyright and related rights legislation that applies to your use. In addition, no permission is required from the rights-holder(s) for educational uses. For other uses, you need to obtain permission from the rights-holder(s).",https://rightsstatements.org/page/InC-EDU/1.0/?language=en
mi32.pdf,mi32.pdf,South Carolina Wildlife July-August 1998,Carolina Raptor Center,1998,Article about CRC.,raptors; wildlife; conservation,"Huntersville, NC; USA.",Carolina Raptor Center archives. carolinaraptorcenter.org.,application/pdf,Image;StillImage,mi32,eng,"This Item is protected by copyright and/or related rights. You are free to use this Item in any way that is permitted by the copyright and related rights legislation that applies to your use. In addition, no permission is required from the rights-holder(s) for educational uses. For other uses, you need to obtain permission from the rights-holder(s).",https://rightsstatements.org/page/InC-EDU/1.0/?language=en
mi33.pdf,mi33.pdf,The Animality February 1993,Carolina Raptor Center,1993,Article about owl at CRC.,raptors; wildlife; conservation,"Huntersville, NC; USA.",Carolina Raptor Center archives. carolinaraptorcenter.org.,application/pdf,Image;StillImage,mi33,eng,"This Item is protected by copyright and/or related rights. You are free to use this Item in any way that is permitted by the copyright and related rights legislation that applies to your use. In addition, no permission is required from the rights-holder(s) for educational uses. For other uses, you need to obtain permission from the rights-holder(s).",https://rightsstatements.org/page/InC-EDU/1.0/?language=en
mi34.pdf,mi34.pdf,The Crier Winter 1998,Carolina Raptor Center,1998,Article about CRC.,raptors; wildlife; conservation,"Huntersville, NC; USA.",Carolina Raptor Center archives. carolinaraptorcenter.org.,application/pdf,Image;StillImage,mi34,eng,"This Item is protected by copyright and/or related rights. You are free to use this Item in any way that is permitted by the copyright and related rights legislation that applies to your use. In addition, no permission is required from the rights-holder(s) for educational uses. For other uses, you need to obtain permission from the rights-holder(s).",https://rightsstatements.org/page/InC-EDU/1.0/?language=en
mi35.pdf,mi35.pdf,"The Enquirer-Journal December 29, 1999",Carolina Raptor Center,1999,Article about CRC outreach.,raptors; wildlife; conservation,"Huntersville, NC; USA.",Carolina Raptor Center archives. carolinaraptorcenter.org.,application/pdf,Image;StillImage,mi35,eng,"This Item is protected by copyright and/or related rights. You are free to use this Item in any way that is permitted by the copyright and related rights legislation that applies to your use. In addition, no permission is required from the rights-holder(s) for educational uses. For other uses, you need to obtain permission from the rights-holder(s).",https://rightsstatements.org/page/InC-EDU/1.0/?language=en
mi36.pdf,mi36.pdf,The Flyer Winter 2009,Carolina Raptor Center,2009,Article about Eagles Len and Lola.,raptors; wildlife; conservation,"Huntersville, NC; USA.",Carolina Raptor Center archives. carolinaraptorcenter.org.,application/pdf,Image;StillImage,mi36,eng,"This Item is protected by copyright and/or related rights. You are free to use this Item in any way that is permitted by the copyright and related rights legislation that applies to your use. In addition, no permission is required from the rights-holder(s) for educational uses. For other uses, you need to obtain permission from the rights-holder(s).",https://rightsstatements.org/page/InC-EDU/1.0/?language=en
mi37.pdf,mi37.pdf,"The Home News December 28, 2000",Carolina Raptor Center,2000,Article about Great horned owls.,raptors; wildlife; conservation,"Huntersville, NC; USA.",Carolina Raptor Center archives. carolinaraptorcenter.org.,application/pdf,Image;StillImage,mi37,eng,"This Item is protected by copyright and/or related rights. You are free to use this Item in any way that is permitted by the copyright and related rights legislation that applies to your use. In addition, no permission is required from the rights-holder(s) for educational uses. For other uses, you need to obtain permission from the rights-holder(s).",https://rightsstatements.org/page/InC-EDU/1.0/?language=en
mi38.pdf,mi38.pdf,"The News-Herald March 25, 1992",Carolina Raptor Center,1992,Article about Eagle.,raptors; wildlife; conservation,"Huntersville, NC; USA.",Carolina Raptor Center archives. carolinaraptorcenter.org.,application/pdf,Image;StillImage,mi38,eng,"This Item is protected by copyright and/or related rights. You are free to use this Item in any way that is permitted by the copyright and related rights legislation that applies to your use. In addition, no permission is required from the rights-holder(s) for educational uses. For other uses, you need to obtain permission from the rights-holder(s).",https://rightsstatements.org/page/InC-EDU/1.0/?language=en
mi39.pdf,mi39.pdf,The Peninsula Navigator February 2011,Carolina Raptor Center,2011,Article about CRC.,raptors; wildlife; conservation,"Huntersville, NC; USA.",Carolina Raptor Center archives. carolinaraptorcenter.org.,application/pdf,Image;StillImage,mi39,eng,"This Item is protected by copyright and/or related rights. You are free to use this Item in any way that is permitted by the copyright and related rights legislation that applies to your use. In addition, no permission is required from the rights-holder(s) for educational uses. For other uses, you need to obtain permission from the rights-holder(s).",https://rightsstatements.org/page/InC-EDU/1.0/?language=en
mi40.pdf,mi40.pdf,"The Virginian-Pilot July 20, 2008",Carolina Raptor Center,2008,Article about Bald Eagle.,raptors; wildlife; conservation,"Huntersville, NC; USA.",Carolina Raptor Center archives. carolinaraptorcenter.org.,application/pdf,Image;StillImage,mi40,eng,"This Item is protected by copyright and/or related rights. You are free to use this Item in any way that is permitted by the copyright and related rights legislation that applies to your use. In addition, no permission is required from the rights-holder(s) for educational uses. For other uses, you need to obtain permission from the rights-holder(s).",https://rightsstatements.org/page/InC-EDU/1.0/?language=en
mi41.pdf,mi41.pdf,Triangle T-shot May 2012,Carolina Raptor Center,2012,Article about CRC.,raptors; wildlife; conservation,"Huntersville, NC; USA.",Carolina Raptor Center archives. carolinaraptorcenter.org.,application/pdf,Image;StillImage,mi41,eng,"This Item is protected by copyright and/or related rights. You are free to use this Item in any way that is permitted by the copyright and related rights legislation that applies to your use. In addition, no permission is required from the rights-holder(s) for educational uses. For other uses, you need to obtain permission from the rights-holder(s).",https://rightsstatements.org/page/InC-EDU/1.0/?language=en
mi42.pdf,mi42.pdf,University City Magazine June 1992,Carolina Raptor Center,1992,Article about CRC.,raptors; wildlife; conservation,"Huntersville, NC; USA.",Carolina Raptor Center archives. carolinaraptorcenter.org.,application/pdf,Image;StillImage,mi42,eng,"This Item is protected by copyright and/or related rights. You are free to use this Item in any way that is permitted by the copyright and related rights legislation that applies to your use. In addition, no permission is required from the rights-holder(s) for educational uses. For other uses, you need to obtain permission from the rights-holder(s).",https://rightsstatements.org/page/InC-EDU/1.0/?language=en
mi43.pdf,mi43.pdf,"Washington, North Carolina Daily News August 2, 1992",Carolina Raptor Center,1992,Article about bird release.,raptors; wildlife; conservation,"Huntersville, NC; USA.",Carolina Raptor Center archives. carolinaraptorcenter.org.,application/pdf,Image;StillImage,mi43,eng,"This Item is protected by copyright and/or related rights. You are free to use this Item in any way that is permitted by the copyright and related rights legislation that applies to your use. In addition, no permission is required from the rights-holder(s) for educational uses. For other uses, you need to obtain permission from the rights-holder(s).",https://rightsstatements.org/page/InC-EDU/1.0/?language=en
mi44.pdf,mi44.pdf,"Winston-Salem Journal July 13, 2013",Carolina Raptor Center,2013,Article about Raptor Ride event.,raptors; wildlife; conservation,"Huntersville, NC; USA.",Carolina Raptor Center archives. carolinaraptorcenter.org.,application/pdf,Image;StillImage,mi44,eng,"This Item is protected by copyright and/or related rights. You are free to use this Item in any way that is permitted by the copyright and related rights legislation that applies to your use. In addition, no permission is required from the rights-holder(s) for educational uses. For other uses, you need to obtain permission from the rights-holder(s).",https://rightsstatements.org/page/InC-EDU/1.0/?language=en
mi45.pdf,mi45.pdf,"York Observer April 29, 1993",Carolina Raptor Center,1993,Article about baby owl.,raptors; wildlife; conservation,"Huntersville, NC; USA.",Carolina Raptor Center archives. carolinaraptorcenter.org.,application/pdf,Image;StillImage,mo45,eng,"This Item is protected by copyright and/or related rights. You are free to use this Item in any way that is permitted by the copyright and related rights legislation that applies to your use. In addition, no permission is required from the rights-holder(s) for educational uses. For other uses, you need to obtain permission from the rights-holder(s).",https://rightsstatements.org/page/InC-EDU/1.0/?language=en